target_candidate,feature,relationship,leakage_risk,recommended_action,reason
total_reviews cohort-percentile (visibility),positive,directly constructs target,critical,exclude,total_reviews = positive + negative; this is the target's own components
total_reviews cohort-percentile (visibility),negative,directly constructs target,critical,exclude,total_reviews = positive + negative; this is the target's own components
total_reviews cohort-percentile (visibility),total_reviews (raw),is the pre-normalization target,critical,exclude,raw value the cohort percentile is computed from
total_reviews cohort-percentile (visibility),positive_ratio,co-determined by same review-generating process,high,exclude,"not a leak of the exact target value, but generated by the same accumulation process; encodes review-volume-adjacent information (denominator = total_reviews) that a real launch-time predictor would not have"
total_reviews cohort-percentile (visibility),recommendations,contemporaneous popularity outcome,high,exclude,Spearman rank correlation with total_reviews = 0.54; a current cumulative outcome measured the same way as the target (accumulates post-launch)
total_reviews cohort-percentile (visibility),peak_ccu,contemporaneous popularity outcome,high,exclude,Spearman rank correlation with total_reviews = 0.51; all-time cumulative peak concurrent users cannot be known pre-accumulation
total_reviews cohort-percentile (visibility),estimated_owners / own_mid,near-duplicate popularity proxy,high,exclude,"Spearman rank correlation with total_reviews = 0.67; both are current cumulative outcomes describing the same underlying construct (player reach), own_mid is coarser (14 unique values) but still a post-launch accumulation"
total_reviews cohort-percentile (visibility),average_playtime_forever,post-launch cumulative outcome,moderate,exclude,"91.4% zero and weak signal regardless, but still a cumulative post-launch engagement measure; excluded on leakage grounds even though its standalone value is already low"
total_reviews cohort-percentile (visibility),median_playtime_forever,post-launch cumulative outcome,moderate,exclude,Same rationale as average_playtime_forever; near-constant zero in every cohort
total_reviews cohort-percentile (visibility),average_playtime_2weeks,current rolling-window outcome,moderate,exclude,"Reflects current 2-week activity window at snapshot time, not launch-available information"
total_reviews cohort-percentile (visibility),median_playtime_2weeks,current rolling-window outcome,moderate,exclude,Same rationale as average_playtime_2weeks
total_reviews cohort-percentile (visibility),dlc_count,post-launch cumulative outcome,moderate,exclude,Grows by definition after launch as DLC ships; not known at launch and can itself be a symptom of a game's post-launch popularity/investment
total_reviews cohort-percentile (visibility),achievements,ambiguous timing,low-moderate,use with caution,Usually set near launch but can be patched later (Phase 1 finding); acceptable as a predictor only with an explicit caveat that a small share of rows may reflect post-launch patches
total_reviews cohort-percentile (visibility),metacritic_score,near-launch external signal with quality issues,moderate,use with caution,"26.8% missing and the non-missing median is 0 (mixes 'truly absent' with 'present but unscored' per Phase 1); if used, must be cleaned (missing vs. zero) and documented as usually-but-not-always available near launch"
total_reviews cohort-percentile (visibility),user_score,near-constant/deprecated field,low (quality issue not leakage),exclude,>99% of values are 0 in this snapshot (Phase 1); not usable regardless of leakage status
total_reviews cohort-percentile (visibility),price (current),temporally ambiguous,moderate,use with caution,"Documented as CURRENT price, not launch price (Phase 1/2); a game's price can change after launch including permanent cuts and F2P conversions, so it is an imperfect proxy for launch-time pricing strategy -- usable only with this caveat stated explicitly"
total_reviews cohort-percentile (visibility),price_status,temporally ambiguous,moderate,use with caution,Current paid/free/unavailable status; can change post-launch (e.g. F2P conversion); same caveat as price
total_reviews cohort-percentile (visibility),packages,current storefront structure,moderate,exclude,Reflects present-day bundle/pricing structure rather than launch-time offer
total_reviews cohort-percentile (visibility),steam_store_available,current listing status,high,exclude,"Reflects present-day availability, not launch state; a delisted game reads False regardless of its actual historical performance, and delisting can itself be a downstream symptom of failure -- a leakage-adjacent proxy"
total_reviews cohort-percentile (visibility),steam_spy_available,constant field,none (unusable),exclude,Constant True for all 139076 rows in this snapshot; no discriminative value regardless of leakage
total_reviews cohort-percentile (visibility),genres,static descriptive metadata,low,include,"Set at/near launch; two mixed serialization formats normalized via src/audit_utils.py; multi-label, safe as a predictor"
total_reviews cohort-percentile (visibility),categories,static descriptive metadata,low,include,Same normalization and safety profile as genres
total_reviews cohort-percentile (visibility),tags,community/SteamSpy tags,low-moderate,use with caution,Can shift after launch as players tag the game (Phase 1); 55624 rows have zero tags -- usable but document as not strictly launch-fixed
total_reviews cohort-percentile (visibility),developers (identity),static descriptive metadata,low,include,Which studio made the game is known at launch; safe as a categorical identity feature (e.g. one-hot / frequency-encoded with care -- see next row)
total_reviews cohort-percentile (visibility),developers -- track-record aggregate (e.g. developer's total game count),derived feature computed over the full dataset,high,exclude unless chronologically constructed,"Diagnostic in Phase 3 notebook: for developers with >=2 games, a naive full-catalog 'developer game count' feature averages 13.5 games per row vs. a true chronological prior-only count of 6.75 -- 73.9% of rows would leak future release information. Must be rebuilt using only releases strictly before the target game's release_date if used at all"
total_reviews cohort-percentile (visibility),publishers (identity),static descriptive metadata,low,include,Same safety profile as developers identity
total_reviews cohort-percentile (visibility),publishers -- track-record aggregate,derived feature computed over the full dataset,high,exclude unless chronologically constructed,Same leakage mechanism and required fix as the developer track-record aggregate above
total_reviews cohort-percentile (visibility),release_date / release_year,defines the cohort itself,none (structural),"include (as cohort key, not as a leak)","Used to compute the cohort-relative target, not predictive of it in a leaking sense; release timing (e.g. release month/seasonality) may be used as a legitimate predictor"
total_reviews cohort-percentile (visibility),windows / mac / linux,static platform metadata,low,include,Platform support normally set at launch (Phase 1); safe as a predictor
total_reviews cohort-percentile (visibility),supported_languages,ambiguous timing,low,use with caution,Can expand post-launch as localizations are added (Phase 1); mostly safe but not guaranteed launch-fixed
total_reviews cohort-percentile (visibility),full_audio_languages,ambiguous timing,low,use with caution,Same rationale as supported_languages
total_reviews cohort-percentile (visibility),short_description / about_the_game / detailed_description,static descriptive metadata,low,include (metadata only -- no NLP in this phase),Store copy set at/near launch; usable for simple structured features (e.g. length) but text/embedding modeling is out of scope through Phase 3
total_reviews cohort-percentile (visibility),notes,static sparse metadata,low,include,81.3% missing; low-signal but not a leakage risk
total_reviews cohort-percentile (visibility),header_image / screenshots / movies / website / support_url / support_email / metacritic_url,store asset / contact URLs,none (unusable),exclude,Not modeling features (Phase 1 audit); no leakage relevance either way
positive_ratio (reception -- descriptive/association only),total_reviews,defines eligibility for computing the ratio at all,structural,n/a -- not modeled as a supervised target in Phase 3,"Reception is recommended for descriptive/association analysis only, not supervised prediction, in this phase -- see decision rationale in outputs/phase3_success_definition.md. Requiring >=10 reviews to even compute the ratio means any model of reception is implicitly conditioned on already having achieved a level of popularity, which is itself a selection-on-outcome problem distinct from ordinary leakage"
positive_ratio (reception -- descriptive/association only),positive / negative,directly constructs the ratio,critical,exclude if ever modeled,Same logic as the visibility target's own components
