feature,feature_family,source_column,transformation,temporal_status,leakage_status,included,reason
genre__Action,genre_category,genres/categories,"multi-hot, train-vocab >= 50 count",A: stable descriptive metadata,"checked against outputs/phase3_leakage_map.csv -- low/moderate risk, included with the caveat above",True,passes Phase 3 leakage ruling for the visibility target; not a contemporaneous or post-launch outcome
genre__Adventure,genre_category,genres/categories,"multi-hot, train-vocab >= 50 count",A: stable descriptive metadata,"checked against outputs/phase3_leakage_map.csv -- low/moderate risk, included with the caveat above",True,passes Phase 3 leakage ruling for the visibility target; not a contemporaneous or post-launch outcome
genre__Animation & Modeling,genre_category,genres/categories,"multi-hot, train-vocab >= 50 count",A: stable descriptive metadata,"checked against outputs/phase3_leakage_map.csv -- low/moderate risk, included with the caveat above",True,passes Phase 3 leakage ruling for the visibility target; not a contemporaneous or post-launch outcome
genre__Audio Production,genre_category,genres/categories,"multi-hot, train-vocab >= 50 count",A: stable descriptive metadata,"checked against outputs/phase3_leakage_map.csv -- low/moderate risk, included with the caveat above",True,passes Phase 3 leakage ruling for the visibility target; not a contemporaneous or post-launch outcome
genre__Casual,genre_category,genres/categories,"multi-hot, train-vocab >= 50 count",A: stable descriptive metadata,"checked against outputs/phase3_leakage_map.csv -- low/moderate risk, included with the caveat above",True,passes Phase 3 leakage ruling for the visibility target; not a contemporaneous or post-launch outcome
genre__Design & Illustration,genre_category,genres/categories,"multi-hot, train-vocab >= 50 count",A: stable descriptive metadata,"checked against outputs/phase3_leakage_map.csv -- low/moderate risk, included with the caveat above",True,passes Phase 3 leakage ruling for the visibility target; not a contemporaneous or post-launch outcome
genre__Early Access,genre_category,genres/categories,"multi-hot, train-vocab >= 50 count",A: stable descriptive metadata,"checked against outputs/phase3_leakage_map.csv -- low/moderate risk, included with the caveat above",True,passes Phase 3 leakage ruling for the visibility target; not a contemporaneous or post-launch outcome
genre__Education,genre_category,genres/categories,"multi-hot, train-vocab >= 50 count",A: stable descriptive metadata,"checked against outputs/phase3_leakage_map.csv -- low/moderate risk, included with the caveat above",True,passes Phase 3 leakage ruling for the visibility target; not a contemporaneous or post-launch outcome
genre__Free To Play,genre_category,genres/categories,"multi-hot, train-vocab >= 50 count",A: stable descriptive metadata,"checked against outputs/phase3_leakage_map.csv -- low/moderate risk, included with the caveat above",True,passes Phase 3 leakage ruling for the visibility target; not a contemporaneous or post-launch outcome
genre__Game Development,genre_category,genres/categories,"multi-hot, train-vocab >= 50 count",A: stable descriptive metadata,"checked against outputs/phase3_leakage_map.csv -- low/moderate risk, included with the caveat above",True,passes Phase 3 leakage ruling for the visibility target; not a contemporaneous or post-launch outcome
genre__Gore,genre_category,genres/categories,"multi-hot, train-vocab >= 50 count",A: stable descriptive metadata,"checked against outputs/phase3_leakage_map.csv -- low/moderate risk, included with the caveat above",True,passes Phase 3 leakage ruling for the visibility target; not a contemporaneous or post-launch outcome
genre__Indie,genre_category,genres/categories,"multi-hot, train-vocab >= 50 count",A: stable descriptive metadata,"checked against outputs/phase3_leakage_map.csv -- low/moderate risk, included with the caveat above",True,passes Phase 3 leakage ruling for the visibility target; not a contemporaneous or post-launch outcome
genre__Massively Multiplayer,genre_category,genres/categories,"multi-hot, train-vocab >= 50 count",A: stable descriptive metadata,"checked against outputs/phase3_leakage_map.csv -- low/moderate risk, included with the caveat above",True,passes Phase 3 leakage ruling for the visibility target; not a contemporaneous or post-launch outcome
genre__Nudity,genre_category,genres/categories,"multi-hot, train-vocab >= 50 count",A: stable descriptive metadata,"checked against outputs/phase3_leakage_map.csv -- low/moderate risk, included with the caveat above",True,passes Phase 3 leakage ruling for the visibility target; not a contemporaneous or post-launch outcome
genre__Photo Editing,genre_category,genres/categories,"multi-hot, train-vocab >= 50 count",A: stable descriptive metadata,"checked against outputs/phase3_leakage_map.csv -- low/moderate risk, included with the caveat above",True,passes Phase 3 leakage ruling for the visibility target; not a contemporaneous or post-launch outcome
genre__RPG,genre_category,genres/categories,"multi-hot, train-vocab >= 50 count",A: stable descriptive metadata,"checked against outputs/phase3_leakage_map.csv -- low/moderate risk, included with the caveat above",True,passes Phase 3 leakage ruling for the visibility target; not a contemporaneous or post-launch outcome
genre__Racing,genre_category,genres/categories,"multi-hot, train-vocab >= 50 count",A: stable descriptive metadata,"checked against outputs/phase3_leakage_map.csv -- low/moderate risk, included with the caveat above",True,passes Phase 3 leakage ruling for the visibility target; not a contemporaneous or post-launch outcome
genre__Sexual Content,genre_category,genres/categories,"multi-hot, train-vocab >= 50 count",A: stable descriptive metadata,"checked against outputs/phase3_leakage_map.csv -- low/moderate risk, included with the caveat above",True,passes Phase 3 leakage ruling for the visibility target; not a contemporaneous or post-launch outcome
genre__Simulation,genre_category,genres/categories,"multi-hot, train-vocab >= 50 count",A: stable descriptive metadata,"checked against outputs/phase3_leakage_map.csv -- low/moderate risk, included with the caveat above",True,passes Phase 3 leakage ruling for the visibility target; not a contemporaneous or post-launch outcome
genre__Software Training,genre_category,genres/categories,"multi-hot, train-vocab >= 50 count",A: stable descriptive metadata,"checked against outputs/phase3_leakage_map.csv -- low/moderate risk, included with the caveat above",True,passes Phase 3 leakage ruling for the visibility target; not a contemporaneous or post-launch outcome
genre__Sports,genre_category,genres/categories,"multi-hot, train-vocab >= 50 count",A: stable descriptive metadata,"checked against outputs/phase3_leakage_map.csv -- low/moderate risk, included with the caveat above",True,passes Phase 3 leakage ruling for the visibility target; not a contemporaneous or post-launch outcome
genre__Strategy,genre_category,genres/categories,"multi-hot, train-vocab >= 50 count",A: stable descriptive metadata,"checked against outputs/phase3_leakage_map.csv -- low/moderate risk, included with the caveat above",True,passes Phase 3 leakage ruling for the visibility target; not a contemporaneous or post-launch outcome
genre__Utilities,genre_category,genres/categories,"multi-hot, train-vocab >= 50 count",A: stable descriptive metadata,"checked against outputs/phase3_leakage_map.csv -- low/moderate risk, included with the caveat above",True,passes Phase 3 leakage ruling for the visibility target; not a contemporaneous or post-launch outcome
genre__Video Production,genre_category,genres/categories,"multi-hot, train-vocab >= 50 count",A: stable descriptive metadata,"checked against outputs/phase3_leakage_map.csv -- low/moderate risk, included with the caveat above",True,passes Phase 3 leakage ruling for the visibility target; not a contemporaneous or post-launch outcome
genre__Violent,genre_category,genres/categories,"multi-hot, train-vocab >= 50 count",A: stable descriptive metadata,"checked against outputs/phase3_leakage_map.csv -- low/moderate risk, included with the caveat above",True,passes Phase 3 leakage ruling for the visibility target; not a contemporaneous or post-launch outcome
genre__Web Publishing,genre_category,genres/categories,"multi-hot, train-vocab >= 50 count",A: stable descriptive metadata,"checked against outputs/phase3_leakage_map.csv -- low/moderate risk, included with the caveat above",True,passes Phase 3 leakage ruling for the visibility target; not a contemporaneous or post-launch outcome
category__#category_playable_at_your_own_pace,genre_category,genres/categories,"multi-hot, train-vocab >= 50 count",A: stable descriptive metadata,"checked against outputs/phase3_leakage_map.csv -- low/moderate risk, included with the caveat above",True,passes Phase 3 leakage ruling for the visibility target; not a contemporaneous or post-launch outcome
category__Adjustable Difficulty,genre_category,genres/categories,"multi-hot, train-vocab >= 50 count",A: stable descriptive metadata,"checked against outputs/phase3_leakage_map.csv -- low/moderate risk, included with the caveat above",True,passes Phase 3 leakage ruling for the visibility target; not a contemporaneous or post-launch outcome
category__Adjustable Text Size,genre_category,genres/categories,"multi-hot, train-vocab >= 50 count",A: stable descriptive metadata,"checked against outputs/phase3_leakage_map.csv -- low/moderate risk, included with the caveat above",True,passes Phase 3 leakage ruling for the visibility target; not a contemporaneous or post-launch outcome
category__Camera Comfort,genre_category,genres/categories,"multi-hot, train-vocab >= 50 count",A: stable descriptive metadata,"checked against outputs/phase3_leakage_map.csv -- low/moderate risk, included with the caveat above",True,passes Phase 3 leakage ruling for the visibility target; not a contemporaneous or post-launch outcome
category__Captions available,genre_category,genres/categories,"multi-hot, train-vocab >= 50 count",A: stable descriptive metadata,"checked against outputs/phase3_leakage_map.csv -- low/moderate risk, included with the caveat above",True,passes Phase 3 leakage ruling for the visibility target; not a contemporaneous or post-launch outcome
category__Co-op,genre_category,genres/categories,"multi-hot, train-vocab >= 50 count",A: stable descriptive metadata,"checked against outputs/phase3_leakage_map.csv -- low/moderate risk, included with the caveat above",True,passes Phase 3 leakage ruling for the visibility target; not a contemporaneous or post-launch outcome
category__Color Alternatives,genre_category,genres/categories,"multi-hot, train-vocab >= 50 count",A: stable descriptive metadata,"checked against outputs/phase3_leakage_map.csv -- low/moderate risk, included with the caveat above",True,passes Phase 3 leakage ruling for the visibility target; not a contemporaneous or post-launch outcome
category__Commentary available,genre_category,genres/categories,"multi-hot, train-vocab >= 50 count",A: stable descriptive metadata,"checked against outputs/phase3_leakage_map.csv -- low/moderate risk, included with the caveat above",True,passes Phase 3 leakage ruling for the visibility target; not a contemporaneous or post-launch outcome
category__Cross-Platform Multiplayer,genre_category,genres/categories,"multi-hot, train-vocab >= 50 count",A: stable descriptive metadata,"checked against outputs/phase3_leakage_map.csv -- low/moderate risk, included with the caveat above",True,passes Phase 3 leakage ruling for the visibility target; not a contemporaneous or post-launch outcome
category__Custom Volume Controls,genre_category,genres/categories,"multi-hot, train-vocab >= 50 count",A: stable descriptive metadata,"checked against outputs/phase3_leakage_map.csv -- low/moderate risk, included with the caveat above",True,passes Phase 3 leakage ruling for the visibility target; not a contemporaneous or post-launch outcome
category__DualSense Controller Support,genre_category,genres/categories,"multi-hot, train-vocab >= 50 count",A: stable descriptive metadata,"checked against outputs/phase3_leakage_map.csv -- low/moderate risk, included with the caveat above",True,passes Phase 3 leakage ruling for the visibility target; not a contemporaneous or post-launch outcome
category__DualShock Controller Support,genre_category,genres/categories,"multi-hot, train-vocab >= 50 count",A: stable descriptive metadata,"checked against outputs/phase3_leakage_map.csv -- low/moderate risk, included with the caveat above",True,passes Phase 3 leakage ruling for the visibility target; not a contemporaneous or post-launch outcome
category__Family Sharing,genre_category,genres/categories,"multi-hot, train-vocab >= 50 count",A: stable descriptive metadata,"checked against outputs/phase3_leakage_map.csv -- low/moderate risk, included with the caveat above",True,passes Phase 3 leakage ruling for the visibility target; not a contemporaneous or post-launch outcome
category__Full controller support,genre_category,genres/categories,"multi-hot, train-vocab >= 50 count",A: stable descriptive metadata,"checked against outputs/phase3_leakage_map.csv -- low/moderate risk, included with the caveat above",True,passes Phase 3 leakage ruling for the visibility target; not a contemporaneous or post-launch outcome
category__Gamepad Recommended,genre_category,genres/categories,"multi-hot, train-vocab >= 50 count",A: stable descriptive metadata,"checked against outputs/phase3_leakage_map.csv -- low/moderate risk, included with the caveat above",True,passes Phase 3 leakage ruling for the visibility target; not a contemporaneous or post-launch outcome
category__In-App Purchases,genre_category,genres/categories,"multi-hot, train-vocab >= 50 count",A: stable descriptive metadata,"checked against outputs/phase3_leakage_map.csv -- low/moderate risk, included with the caveat above",True,passes Phase 3 leakage ruling for the visibility target; not a contemporaneous or post-launch outcome
category__Includes level editor,genre_category,genres/categories,"multi-hot, train-vocab >= 50 count",A: stable descriptive metadata,"checked against outputs/phase3_leakage_map.csv -- low/moderate risk, included with the caveat above",True,passes Phase 3 leakage ruling for the visibility target; not a contemporaneous or post-launch outcome
category__Keyboard Only Option,genre_category,genres/categories,"multi-hot, train-vocab >= 50 count",A: stable descriptive metadata,"checked against outputs/phase3_leakage_map.csv -- low/moderate risk, included with the caveat above",True,passes Phase 3 leakage ruling for the visibility target; not a contemporaneous or post-launch outcome
category__LAN Co-op,genre_category,genres/categories,"multi-hot, train-vocab >= 50 count",A: stable descriptive metadata,"checked against outputs/phase3_leakage_map.csv -- low/moderate risk, included with the caveat above",True,passes Phase 3 leakage ruling for the visibility target; not a contemporaneous or post-launch outcome
category__LAN PvP,genre_category,genres/categories,"multi-hot, train-vocab >= 50 count",A: stable descriptive metadata,"checked against outputs/phase3_leakage_map.csv -- low/moderate risk, included with the caveat above",True,passes Phase 3 leakage ruling for the visibility target; not a contemporaneous or post-launch outcome
category__MMO,genre_category,genres/categories,"multi-hot, train-vocab >= 50 count",A: stable descriptive metadata,"checked against outputs/phase3_leakage_map.csv -- low/moderate risk, included with the caveat above",True,passes Phase 3 leakage ruling for the visibility target; not a contemporaneous or post-launch outcome
category__Mouse Only Option,genre_category,genres/categories,"multi-hot, train-vocab >= 50 count",A: stable descriptive metadata,"checked against outputs/phase3_leakage_map.csv -- low/moderate risk, included with the caveat above",True,passes Phase 3 leakage ruling for the visibility target; not a contemporaneous or post-launch outcome
category__Multi-player,genre_category,genres/categories,"multi-hot, train-vocab >= 50 count",A: stable descriptive metadata,"checked against outputs/phase3_leakage_map.csv -- low/moderate risk, included with the caveat above",True,passes Phase 3 leakage ruling for the visibility target; not a contemporaneous or post-launch outcome
category__Online Co-op,genre_category,genres/categories,"multi-hot, train-vocab >= 50 count",A: stable descriptive metadata,"checked against outputs/phase3_leakage_map.csv -- low/moderate risk, included with the caveat above",True,passes Phase 3 leakage ruling for the visibility target; not a contemporaneous or post-launch outcome
category__Online PvP,genre_category,genres/categories,"multi-hot, train-vocab >= 50 count",A: stable descriptive metadata,"checked against outputs/phase3_leakage_map.csv -- low/moderate risk, included with the caveat above",True,passes Phase 3 leakage ruling for the visibility target; not a contemporaneous or post-launch outcome
category__Partial Controller Support,genre_category,genres/categories,"multi-hot, train-vocab >= 50 count",A: stable descriptive metadata,"checked against outputs/phase3_leakage_map.csv -- low/moderate risk, included with the caveat above",True,passes Phase 3 leakage ruling for the visibility target; not a contemporaneous or post-launch outcome
category__Playable without Timed Input,genre_category,genres/categories,"multi-hot, train-vocab >= 50 count",A: stable descriptive metadata,"checked against outputs/phase3_leakage_map.csv -- low/moderate risk, included with the caveat above",True,passes Phase 3 leakage ruling for the visibility target; not a contemporaneous or post-launch outcome
category__PvP,genre_category,genres/categories,"multi-hot, train-vocab >= 50 count",A: stable descriptive metadata,"checked against outputs/phase3_leakage_map.csv -- low/moderate risk, included with the caveat above",True,passes Phase 3 leakage ruling for the visibility target; not a contemporaneous or post-launch outcome
category__Remote Play Together,genre_category,genres/categories,"multi-hot, train-vocab >= 50 count",A: stable descriptive metadata,"checked against outputs/phase3_leakage_map.csv -- low/moderate risk, included with the caveat above",True,passes Phase 3 leakage ruling for the visibility target; not a contemporaneous or post-launch outcome
category__Remote Play on Phone,genre_category,genres/categories,"multi-hot, train-vocab >= 50 count",A: stable descriptive metadata,"checked against outputs/phase3_leakage_map.csv -- low/moderate risk, included with the caveat above",True,passes Phase 3 leakage ruling for the visibility target; not a contemporaneous or post-launch outcome
category__Remote Play on TV,genre_category,genres/categories,"multi-hot, train-vocab >= 50 count",A: stable descriptive metadata,"checked against outputs/phase3_leakage_map.csv -- low/moderate risk, included with the caveat above",True,passes Phase 3 leakage ruling for the visibility target; not a contemporaneous or post-launch outcome
category__Remote Play on Tablet,genre_category,genres/categories,"multi-hot, train-vocab >= 50 count",A: stable descriptive metadata,"checked against outputs/phase3_leakage_map.csv -- low/moderate risk, included with the caveat above",True,passes Phase 3 leakage ruling for the visibility target; not a contemporaneous or post-launch outcome
category__Save Anytime,genre_category,genres/categories,"multi-hot, train-vocab >= 50 count",A: stable descriptive metadata,"checked against outputs/phase3_leakage_map.csv -- low/moderate risk, included with the caveat above",True,passes Phase 3 leakage ruling for the visibility target; not a contemporaneous or post-launch outcome
category__Shared/Split Screen,genre_category,genres/categories,"multi-hot, train-vocab >= 50 count",A: stable descriptive metadata,"checked against outputs/phase3_leakage_map.csv -- low/moderate risk, included with the caveat above",True,passes Phase 3 leakage ruling for the visibility target; not a contemporaneous or post-launch outcome
category__Shared/Split Screen Co-op,genre_category,genres/categories,"multi-hot, train-vocab >= 50 count",A: stable descriptive metadata,"checked against outputs/phase3_leakage_map.csv -- low/moderate risk, included with the caveat above",True,passes Phase 3 leakage ruling for the visibility target; not a contemporaneous or post-launch outcome
category__Shared/Split Screen PvP,genre_category,genres/categories,"multi-hot, train-vocab >= 50 count",A: stable descriptive metadata,"checked against outputs/phase3_leakage_map.csv -- low/moderate risk, included with the caveat above",True,passes Phase 3 leakage ruling for the visibility target; not a contemporaneous or post-launch outcome
category__Single-player,genre_category,genres/categories,"multi-hot, train-vocab >= 50 count",A: stable descriptive metadata,"checked against outputs/phase3_leakage_map.csv -- low/moderate risk, included with the caveat above",True,passes Phase 3 leakage ruling for the visibility target; not a contemporaneous or post-launch outcome
category__Stats,genre_category,genres/categories,"multi-hot, train-vocab >= 50 count",A: stable descriptive metadata,"checked against outputs/phase3_leakage_map.csv -- low/moderate risk, included with the caveat above",True,passes Phase 3 leakage ruling for the visibility target; not a contemporaneous or post-launch outcome
category__Steam Achievements,genre_category,genres/categories,"multi-hot, train-vocab >= 50 count",A: stable descriptive metadata,"checked against outputs/phase3_leakage_map.csv -- low/moderate risk, included with the caveat above",True,passes Phase 3 leakage ruling for the visibility target; not a contemporaneous or post-launch outcome
category__Steam Cloud,genre_category,genres/categories,"multi-hot, train-vocab >= 50 count",A: stable descriptive metadata,"checked against outputs/phase3_leakage_map.csv -- low/moderate risk, included with the caveat above",True,passes Phase 3 leakage ruling for the visibility target; not a contemporaneous or post-launch outcome
category__Steam Leaderboards,genre_category,genres/categories,"multi-hot, train-vocab >= 50 count",A: stable descriptive metadata,"checked against outputs/phase3_leakage_map.csv -- low/moderate risk, included with the caveat above",True,passes Phase 3 leakage ruling for the visibility target; not a contemporaneous or post-launch outcome
category__Steam Workshop,genre_category,genres/categories,"multi-hot, train-vocab >= 50 count",A: stable descriptive metadata,"checked against outputs/phase3_leakage_map.csv -- low/moderate risk, included with the caveat above",True,passes Phase 3 leakage ruling for the visibility target; not a contemporaneous or post-launch outcome
category__Stereo Sound,genre_category,genres/categories,"multi-hot, train-vocab >= 50 count",A: stable descriptive metadata,"checked against outputs/phase3_leakage_map.csv -- low/moderate risk, included with the caveat above",True,passes Phase 3 leakage ruling for the visibility target; not a contemporaneous or post-launch outcome
category__Subtitle Options,genre_category,genres/categories,"multi-hot, train-vocab >= 50 count",A: stable descriptive metadata,"checked against outputs/phase3_leakage_map.csv -- low/moderate risk, included with the caveat above",True,passes Phase 3 leakage ruling for the visibility target; not a contemporaneous or post-launch outcome
category__Surround Sound,genre_category,genres/categories,"multi-hot, train-vocab >= 50 count",A: stable descriptive metadata,"checked against outputs/phase3_leakage_map.csv -- low/moderate risk, included with the caveat above",True,passes Phase 3 leakage ruling for the visibility target; not a contemporaneous or post-launch outcome
category__Touch Only Option,genre_category,genres/categories,"multi-hot, train-vocab >= 50 count",A: stable descriptive metadata,"checked against outputs/phase3_leakage_map.csv -- low/moderate risk, included with the caveat above",True,passes Phase 3 leakage ruling for the visibility target; not a contemporaneous or post-launch outcome
category__Tracked Controller Support,genre_category,genres/categories,"multi-hot, train-vocab >= 50 count",A: stable descriptive metadata,"checked against outputs/phase3_leakage_map.csv -- low/moderate risk, included with the caveat above",True,passes Phase 3 leakage ruling for the visibility target; not a contemporaneous or post-launch outcome
category__VR Only,genre_category,genres/categories,"multi-hot, train-vocab >= 50 count",A: stable descriptive metadata,"checked against outputs/phase3_leakage_map.csv -- low/moderate risk, included with the caveat above",True,passes Phase 3 leakage ruling for the visibility target; not a contemporaneous or post-launch outcome
category__VR Support,genre_category,genres/categories,"multi-hot, train-vocab >= 50 count",A: stable descriptive metadata,"checked against outputs/phase3_leakage_map.csv -- low/moderate risk, included with the caveat above",True,passes Phase 3 leakage ruling for the visibility target; not a contemporaneous or post-launch outcome
category__VR Supported,genre_category,genres/categories,"multi-hot, train-vocab >= 50 count",A: stable descriptive metadata,"checked against outputs/phase3_leakage_map.csv -- low/moderate risk, included with the caveat above",True,passes Phase 3 leakage ruling for the visibility target; not a contemporaneous or post-launch outcome
platform__windows,platform,windows/mac/linux,boolean -> int,A: stable descriptive metadata,"checked against outputs/phase3_leakage_map.csv -- low/moderate risk, included with the caveat above",True,passes Phase 3 leakage ruling for the visibility target; not a contemporaneous or post-launch outcome
platform__mac,platform,windows/mac/linux,boolean -> int,A: stable descriptive metadata,"checked against outputs/phase3_leakage_map.csv -- low/moderate risk, included with the caveat above",True,passes Phase 3 leakage ruling for the visibility target; not a contemporaneous or post-launch outcome
platform__linux,platform,windows/mac/linux,boolean -> int,A: stable descriptive metadata,"checked against outputs/phase3_leakage_map.csv -- low/moderate risk, included with the caveat above",True,passes Phase 3 leakage ruling for the visibility target; not a contemporaneous or post-launch outcome
timing__release_month_sin,release_timing,release_date,"month sin/cos, quarter",A: stable descriptive metadata (structural),"checked against outputs/phase3_leakage_map.csv -- low/moderate risk, included with the caveat above",True,passes Phase 3 leakage ruling for the visibility target; not a contemporaneous or post-launch outcome
timing__release_month_cos,release_timing,release_date,"month sin/cos, quarter",A: stable descriptive metadata (structural),"checked against outputs/phase3_leakage_map.csv -- low/moderate risk, included with the caveat above",True,passes Phase 3 leakage ruling for the visibility target; not a contemporaneous or post-launch outcome
timing__release_quarter,release_timing,release_date,"month sin/cos, quarter",A: stable descriptive metadata (structural),"checked against outputs/phase3_leakage_map.csv -- low/moderate risk, included with the caveat above",True,passes Phase 3 leakage ruling for the visibility target; not a contemporaneous or post-launch outcome
devpub__developer_prior_release_count,developer_publisher,developers/publishers + release_date (full raw catalog),"point-in-time prior-release count (strict <), max over multi-credit games",C: point-in-time engineered history,"checked against outputs/phase3_leakage_map.csv -- low/moderate risk, included with the caveat above",True,passes Phase 3 leakage ruling for the visibility target; not a contemporaneous or post-launch outcome
devpub__developer_has_prior_release,developer_publisher,developers/publishers + release_date (full raw catalog),"point-in-time prior-release count (strict <), max over multi-credit games",C: point-in-time engineered history,"checked against outputs/phase3_leakage_map.csv -- low/moderate risk, included with the caveat above",True,passes Phase 3 leakage ruling for the visibility target; not a contemporaneous or post-launch outcome
devpub__publisher_prior_release_count,developer_publisher,developers/publishers + release_date (full raw catalog),"point-in-time prior-release count (strict <), max over multi-credit games",C: point-in-time engineered history,"checked against outputs/phase3_leakage_map.csv -- low/moderate risk, included with the caveat above",True,passes Phase 3 leakage ruling for the visibility target; not a contemporaneous or post-launch outcome
devpub__publisher_has_prior_release,developer_publisher,developers/publishers + release_date (full raw catalog),"point-in-time prior-release count (strict <), max over multi-credit games",C: point-in-time engineered history,"checked against outputs/phase3_leakage_map.csv -- low/moderate risk, included with the caveat above",True,passes Phase 3 leakage ruling for the visibility target; not a contemporaneous or post-launch outcome
price__current_price,price,price,train-median imputation + missing flag,"B: current-snapshot, temporally ambiguous","checked against outputs/phase3_leakage_map.csv -- low/moderate risk, included with the caveat above",True,passes Phase 3 leakage ruling for the visibility target; not a contemporaneous or post-launch outcome
price__current_price_missing,price,price,train-median imputation + missing flag,"B: current-snapshot, temporally ambiguous","checked against outputs/phase3_leakage_map.csv -- low/moderate risk, included with the caveat above",True,passes Phase 3 leakage ruling for the visibility target; not a contemporaneous or post-launch outcome
price__is_free,price,price,train-median imputation + missing flag,"B: current-snapshot, temporally ambiguous","checked against outputs/phase3_leakage_map.csv -- low/moderate risk, included with the caveat above",True,passes Phase 3 leakage ruling for the visibility target; not a contemporaneous or post-launch outcome
store__about_description_length,store_metadata_stable,name/about_the_game/genres/categories,length / count,A: stable descriptive metadata,"checked against outputs/phase3_leakage_map.csv -- low/moderate risk, included with the caveat above",True,passes Phase 3 leakage ruling for the visibility target; not a contemporaneous or post-launch outcome
store__title_length,store_metadata_stable,name/about_the_game/genres/categories,length / count,A: stable descriptive metadata,"checked against outputs/phase3_leakage_map.csv -- low/moderate risk, included with the caveat above",True,passes Phase 3 leakage ruling for the visibility target; not a contemporaneous or post-launch outcome
store__n_genres,store_metadata_stable,name/about_the_game/genres/categories,length / count,A: stable descriptive metadata,"checked against outputs/phase3_leakage_map.csv -- low/moderate risk, included with the caveat above",True,passes Phase 3 leakage ruling for the visibility target; not a contemporaneous or post-launch outcome
store__n_categories,store_metadata_stable,name/about_the_game/genres/categories,length / count,A: stable descriptive metadata,"checked against outputs/phase3_leakage_map.csv -- low/moderate risk, included with the caveat above",True,passes Phase 3 leakage ruling for the visibility target; not a contemporaneous or post-launch outcome
store__achievements,store_metadata_ambiguous,achievements/supported_languages/tags,"train-median imputation (achievements) or count; multi-hot (tags, train-vocab >= 800 count)","B: current-snapshot, temporally ambiguous","checked against outputs/phase3_leakage_map.csv -- low/moderate risk, included with the caveat above",True,passes Phase 3 leakage ruling for the visibility target; not a contemporaneous or post-launch outcome
store__achievements_missing,store_metadata_ambiguous,achievements/supported_languages/tags,"train-median imputation (achievements) or count; multi-hot (tags, train-vocab >= 800 count)","B: current-snapshot, temporally ambiguous","checked against outputs/phase3_leakage_map.csv -- low/moderate risk, included with the caveat above",True,passes Phase 3 leakage ruling for the visibility target; not a contemporaneous or post-launch outcome
store__supported_languages_count,store_metadata_ambiguous,achievements/supported_languages/tags,"train-median imputation (achievements) or count; multi-hot (tags, train-vocab >= 800 count)","B: current-snapshot, temporally ambiguous","checked against outputs/phase3_leakage_map.csv -- low/moderate risk, included with the caveat above",True,passes Phase 3 leakage ruling for the visibility target; not a contemporaneous or post-launch outcome
tag__2D,store_metadata_ambiguous,achievements/supported_languages/tags,"train-median imputation (achievements) or count; multi-hot (tags, train-vocab >= 800 count)","B: current-snapshot, temporally ambiguous","checked against outputs/phase3_leakage_map.csv -- low/moderate risk, included with the caveat above",True,passes Phase 3 leakage ruling for the visibility target; not a contemporaneous or post-launch outcome
tag__2D Platformer,store_metadata_ambiguous,achievements/supported_languages/tags,"train-median imputation (achievements) or count; multi-hot (tags, train-vocab >= 800 count)","B: current-snapshot, temporally ambiguous","checked against outputs/phase3_leakage_map.csv -- low/moderate risk, included with the caveat above",True,passes Phase 3 leakage ruling for the visibility target; not a contemporaneous or post-launch outcome
tag__3D,store_metadata_ambiguous,achievements/supported_languages/tags,"train-median imputation (achievements) or count; multi-hot (tags, train-vocab >= 800 count)","B: current-snapshot, temporally ambiguous","checked against outputs/phase3_leakage_map.csv -- low/moderate risk, included with the caveat above",True,passes Phase 3 leakage ruling for the visibility target; not a contemporaneous or post-launch outcome
tag__3D Platformer,store_metadata_ambiguous,achievements/supported_languages/tags,"train-median imputation (achievements) or count; multi-hot (tags, train-vocab >= 800 count)","B: current-snapshot, temporally ambiguous","checked against outputs/phase3_leakage_map.csv -- low/moderate risk, included with the caveat above",True,passes Phase 3 leakage ruling for the visibility target; not a contemporaneous or post-launch outcome
tag__Action,store_metadata_ambiguous,achievements/supported_languages/tags,"train-median imputation (achievements) or count; multi-hot (tags, train-vocab >= 800 count)","B: current-snapshot, temporally ambiguous","checked against outputs/phase3_leakage_map.csv -- low/moderate risk, included with the caveat above",True,passes Phase 3 leakage ruling for the visibility target; not a contemporaneous or post-launch outcome
tag__Action RPG,store_metadata_ambiguous,achievements/supported_languages/tags,"train-median imputation (achievements) or count; multi-hot (tags, train-vocab >= 800 count)","B: current-snapshot, temporally ambiguous","checked against outputs/phase3_leakage_map.csv -- low/moderate risk, included with the caveat above",True,passes Phase 3 leakage ruling for the visibility target; not a contemporaneous or post-launch outcome
tag__Action-Adventure,store_metadata_ambiguous,achievements/supported_languages/tags,"train-median imputation (achievements) or count; multi-hot (tags, train-vocab >= 800 count)","B: current-snapshot, temporally ambiguous","checked against outputs/phase3_leakage_map.csv -- low/moderate risk, included with the caveat above",True,passes Phase 3 leakage ruling for the visibility target; not a contemporaneous or post-launch outcome
tag__Adventure,store_metadata_ambiguous,achievements/supported_languages/tags,"train-median imputation (achievements) or count; multi-hot (tags, train-vocab >= 800 count)","B: current-snapshot, temporally ambiguous","checked against outputs/phase3_leakage_map.csv -- low/moderate risk, included with the caveat above",True,passes Phase 3 leakage ruling for the visibility target; not a contemporaneous or post-launch outcome
tag__Anime,store_metadata_ambiguous,achievements/supported_languages/tags,"train-median imputation (achievements) or count; multi-hot (tags, train-vocab >= 800 count)","B: current-snapshot, temporally ambiguous","checked against outputs/phase3_leakage_map.csv -- low/moderate risk, included with the caveat above",True,passes Phase 3 leakage ruling for the visibility target; not a contemporaneous or post-launch outcome
tag__Arcade,store_metadata_ambiguous,achievements/supported_languages/tags,"train-median imputation (achievements) or count; multi-hot (tags, train-vocab >= 800 count)","B: current-snapshot, temporally ambiguous","checked against outputs/phase3_leakage_map.csv -- low/moderate risk, included with the caveat above",True,passes Phase 3 leakage ruling for the visibility target; not a contemporaneous or post-launch outcome
tag__Atmospheric,store_metadata_ambiguous,achievements/supported_languages/tags,"train-median imputation (achievements) or count; multi-hot (tags, train-vocab >= 800 count)","B: current-snapshot, temporally ambiguous","checked against outputs/phase3_leakage_map.csv -- low/moderate risk, included with the caveat above",True,passes Phase 3 leakage ruling for the visibility target; not a contemporaneous or post-launch outcome
tag__Building,store_metadata_ambiguous,achievements/supported_languages/tags,"train-median imputation (achievements) or count; multi-hot (tags, train-vocab >= 800 count)","B: current-snapshot, temporally ambiguous","checked against outputs/phase3_leakage_map.csv -- low/moderate risk, included with the caveat above",True,passes Phase 3 leakage ruling for the visibility target; not a contemporaneous or post-launch outcome
tag__Bullet Hell,store_metadata_ambiguous,achievements/supported_languages/tags,"train-median imputation (achievements) or count; multi-hot (tags, train-vocab >= 800 count)","B: current-snapshot, temporally ambiguous","checked against outputs/phase3_leakage_map.csv -- low/moderate risk, included with the caveat above",True,passes Phase 3 leakage ruling for the visibility target; not a contemporaneous or post-launch outcome
tag__Cartoon,store_metadata_ambiguous,achievements/supported_languages/tags,"train-median imputation (achievements) or count; multi-hot (tags, train-vocab >= 800 count)","B: current-snapshot, temporally ambiguous","checked against outputs/phase3_leakage_map.csv -- low/moderate risk, included with the caveat above",True,passes Phase 3 leakage ruling for the visibility target; not a contemporaneous or post-launch outcome
tag__Cartoony,store_metadata_ambiguous,achievements/supported_languages/tags,"train-median imputation (achievements) or count; multi-hot (tags, train-vocab >= 800 count)","B: current-snapshot, temporally ambiguous","checked against outputs/phase3_leakage_map.csv -- low/moderate risk, included with the caveat above",True,passes Phase 3 leakage ruling for the visibility target; not a contemporaneous or post-launch outcome
tag__Casual,store_metadata_ambiguous,achievements/supported_languages/tags,"train-median imputation (achievements) or count; multi-hot (tags, train-vocab >= 800 count)","B: current-snapshot, temporally ambiguous","checked against outputs/phase3_leakage_map.csv -- low/moderate risk, included with the caveat above",True,passes Phase 3 leakage ruling for the visibility target; not a contemporaneous or post-launch outcome
tag__Character Customization,store_metadata_ambiguous,achievements/supported_languages/tags,"train-median imputation (achievements) or count; multi-hot (tags, train-vocab >= 800 count)","B: current-snapshot, temporally ambiguous","checked against outputs/phase3_leakage_map.csv -- low/moderate risk, included with the caveat above",True,passes Phase 3 leakage ruling for the visibility target; not a contemporaneous or post-launch outcome
tag__Choices Matter,store_metadata_ambiguous,achievements/supported_languages/tags,"train-median imputation (achievements) or count; multi-hot (tags, train-vocab >= 800 count)","B: current-snapshot, temporally ambiguous","checked against outputs/phase3_leakage_map.csv -- low/moderate risk, included with the caveat above",True,passes Phase 3 leakage ruling for the visibility target; not a contemporaneous or post-launch outcome
tag__Choose Your Own Adventure,store_metadata_ambiguous,achievements/supported_languages/tags,"train-median imputation (achievements) or count; multi-hot (tags, train-vocab >= 800 count)","B: current-snapshot, temporally ambiguous","checked against outputs/phase3_leakage_map.csv -- low/moderate risk, included with the caveat above",True,passes Phase 3 leakage ruling for the visibility target; not a contemporaneous or post-launch outcome
tag__Co-op,store_metadata_ambiguous,achievements/supported_languages/tags,"train-median imputation (achievements) or count; multi-hot (tags, train-vocab >= 800 count)","B: current-snapshot, temporally ambiguous","checked against outputs/phase3_leakage_map.csv -- low/moderate risk, included with the caveat above",True,passes Phase 3 leakage ruling for the visibility target; not a contemporaneous or post-launch outcome
tag__Colorful,store_metadata_ambiguous,achievements/supported_languages/tags,"train-median imputation (achievements) or count; multi-hot (tags, train-vocab >= 800 count)","B: current-snapshot, temporally ambiguous","checked against outputs/phase3_leakage_map.csv -- low/moderate risk, included with the caveat above",True,passes Phase 3 leakage ruling for the visibility target; not a contemporaneous or post-launch outcome
tag__Combat,store_metadata_ambiguous,achievements/supported_languages/tags,"train-median imputation (achievements) or count; multi-hot (tags, train-vocab >= 800 count)","B: current-snapshot, temporally ambiguous","checked against outputs/phase3_leakage_map.csv -- low/moderate risk, included with the caveat above",True,passes Phase 3 leakage ruling for the visibility target; not a contemporaneous or post-launch outcome
tag__Comedy,store_metadata_ambiguous,achievements/supported_languages/tags,"train-median imputation (achievements) or count; multi-hot (tags, train-vocab >= 800 count)","B: current-snapshot, temporally ambiguous","checked against outputs/phase3_leakage_map.csv -- low/moderate risk, included with the caveat above",True,passes Phase 3 leakage ruling for the visibility target; not a contemporaneous or post-launch outcome
tag__Controller,store_metadata_ambiguous,achievements/supported_languages/tags,"train-median imputation (achievements) or count; multi-hot (tags, train-vocab >= 800 count)","B: current-snapshot, temporally ambiguous","checked against outputs/phase3_leakage_map.csv -- low/moderate risk, included with the caveat above",True,passes Phase 3 leakage ruling for the visibility target; not a contemporaneous or post-launch outcome
tag__Cute,store_metadata_ambiguous,achievements/supported_languages/tags,"train-median imputation (achievements) or count; multi-hot (tags, train-vocab >= 800 count)","B: current-snapshot, temporally ambiguous","checked against outputs/phase3_leakage_map.csv -- low/moderate risk, included with the caveat above",True,passes Phase 3 leakage ruling for the visibility target; not a contemporaneous or post-launch outcome
tag__Dark,store_metadata_ambiguous,achievements/supported_languages/tags,"train-median imputation (achievements) or count; multi-hot (tags, train-vocab >= 800 count)","B: current-snapshot, temporally ambiguous","checked against outputs/phase3_leakage_map.csv -- low/moderate risk, included with the caveat above",True,passes Phase 3 leakage ruling for the visibility target; not a contemporaneous or post-launch outcome
tag__Difficult,store_metadata_ambiguous,achievements/supported_languages/tags,"train-median imputation (achievements) or count; multi-hot (tags, train-vocab >= 800 count)","B: current-snapshot, temporally ambiguous","checked against outputs/phase3_leakage_map.csv -- low/moderate risk, included with the caveat above",True,passes Phase 3 leakage ruling for the visibility target; not a contemporaneous or post-launch outcome
tag__Early Access,store_metadata_ambiguous,achievements/supported_languages/tags,"train-median imputation (achievements) or count; multi-hot (tags, train-vocab >= 800 count)","B: current-snapshot, temporally ambiguous","checked against outputs/phase3_leakage_map.csv -- low/moderate risk, included with the caveat above",True,passes Phase 3 leakage ruling for the visibility target; not a contemporaneous or post-launch outcome
tag__Education,store_metadata_ambiguous,achievements/supported_languages/tags,"train-median imputation (achievements) or count; multi-hot (tags, train-vocab >= 800 count)","B: current-snapshot, temporally ambiguous","checked against outputs/phase3_leakage_map.csv -- low/moderate risk, included with the caveat above",True,passes Phase 3 leakage ruling for the visibility target; not a contemporaneous or post-launch outcome
tag__Exploration,store_metadata_ambiguous,achievements/supported_languages/tags,"train-median imputation (achievements) or count; multi-hot (tags, train-vocab >= 800 count)","B: current-snapshot, temporally ambiguous","checked against outputs/phase3_leakage_map.csv -- low/moderate risk, included with the caveat above",True,passes Phase 3 leakage ruling for the visibility target; not a contemporaneous or post-launch outcome
tag__FPS,store_metadata_ambiguous,achievements/supported_languages/tags,"train-median imputation (achievements) or count; multi-hot (tags, train-vocab >= 800 count)","B: current-snapshot, temporally ambiguous","checked against outputs/phase3_leakage_map.csv -- low/moderate risk, included with the caveat above",True,passes Phase 3 leakage ruling for the visibility target; not a contemporaneous or post-launch outcome
tag__Family Friendly,store_metadata_ambiguous,achievements/supported_languages/tags,"train-median imputation (achievements) or count; multi-hot (tags, train-vocab >= 800 count)","B: current-snapshot, temporally ambiguous","checked against outputs/phase3_leakage_map.csv -- low/moderate risk, included with the caveat above",True,passes Phase 3 leakage ruling for the visibility target; not a contemporaneous or post-launch outcome
tag__Fantasy,store_metadata_ambiguous,achievements/supported_languages/tags,"train-median imputation (achievements) or count; multi-hot (tags, train-vocab >= 800 count)","B: current-snapshot, temporally ambiguous","checked against outputs/phase3_leakage_map.csv -- low/moderate risk, included with the caveat above",True,passes Phase 3 leakage ruling for the visibility target; not a contemporaneous or post-launch outcome
tag__Female Protagonist,store_metadata_ambiguous,achievements/supported_languages/tags,"train-median imputation (achievements) or count; multi-hot (tags, train-vocab >= 800 count)","B: current-snapshot, temporally ambiguous","checked against outputs/phase3_leakage_map.csv -- low/moderate risk, included with the caveat above",True,passes Phase 3 leakage ruling for the visibility target; not a contemporaneous or post-launch outcome
tag__First-Person,store_metadata_ambiguous,achievements/supported_languages/tags,"train-median imputation (achievements) or count; multi-hot (tags, train-vocab >= 800 count)","B: current-snapshot, temporally ambiguous","checked against outputs/phase3_leakage_map.csv -- low/moderate risk, included with the caveat above",True,passes Phase 3 leakage ruling for the visibility target; not a contemporaneous or post-launch outcome
tag__Free to Play,store_metadata_ambiguous,achievements/supported_languages/tags,"train-median imputation (achievements) or count; multi-hot (tags, train-vocab >= 800 count)","B: current-snapshot, temporally ambiguous","checked against outputs/phase3_leakage_map.csv -- low/moderate risk, included with the caveat above",True,passes Phase 3 leakage ruling for the visibility target; not a contemporaneous or post-launch outcome
tag__Funny,store_metadata_ambiguous,achievements/supported_languages/tags,"train-median imputation (achievements) or count; multi-hot (tags, train-vocab >= 800 count)","B: current-snapshot, temporally ambiguous","checked against outputs/phase3_leakage_map.csv -- low/moderate risk, included with the caveat above",True,passes Phase 3 leakage ruling for the visibility target; not a contemporaneous or post-launch outcome
tag__Futuristic,store_metadata_ambiguous,achievements/supported_languages/tags,"train-median imputation (achievements) or count; multi-hot (tags, train-vocab >= 800 count)","B: current-snapshot, temporally ambiguous","checked against outputs/phase3_leakage_map.csv -- low/moderate risk, included with the caveat above",True,passes Phase 3 leakage ruling for the visibility target; not a contemporaneous or post-launch outcome
tag__Gore,store_metadata_ambiguous,achievements/supported_languages/tags,"train-median imputation (achievements) or count; multi-hot (tags, train-vocab >= 800 count)","B: current-snapshot, temporally ambiguous","checked against outputs/phase3_leakage_map.csv -- low/moderate risk, included with the caveat above",True,passes Phase 3 leakage ruling for the visibility target; not a contemporaneous or post-launch outcome
tag__Great Soundtrack,store_metadata_ambiguous,achievements/supported_languages/tags,"train-median imputation (achievements) or count; multi-hot (tags, train-vocab >= 800 count)","B: current-snapshot, temporally ambiguous","checked against outputs/phase3_leakage_map.csv -- low/moderate risk, included with the caveat above",True,passes Phase 3 leakage ruling for the visibility target; not a contemporaneous or post-launch outcome
tag__Hand-drawn,store_metadata_ambiguous,achievements/supported_languages/tags,"train-median imputation (achievements) or count; multi-hot (tags, train-vocab >= 800 count)","B: current-snapshot, temporally ambiguous","checked against outputs/phase3_leakage_map.csv -- low/moderate risk, included with the caveat above",True,passes Phase 3 leakage ruling for the visibility target; not a contemporaneous or post-launch outcome
tag__Hidden Object,store_metadata_ambiguous,achievements/supported_languages/tags,"train-median imputation (achievements) or count; multi-hot (tags, train-vocab >= 800 count)","B: current-snapshot, temporally ambiguous","checked against outputs/phase3_leakage_map.csv -- low/moderate risk, included with the caveat above",True,passes Phase 3 leakage ruling for the visibility target; not a contemporaneous or post-launch outcome
tag__Horror,store_metadata_ambiguous,achievements/supported_languages/tags,"train-median imputation (achievements) or count; multi-hot (tags, train-vocab >= 800 count)","B: current-snapshot, temporally ambiguous","checked against outputs/phase3_leakage_map.csv -- low/moderate risk, included with the caveat above",True,passes Phase 3 leakage ruling for the visibility target; not a contemporaneous or post-launch outcome
tag__Indie,store_metadata_ambiguous,achievements/supported_languages/tags,"train-median imputation (achievements) or count; multi-hot (tags, train-vocab >= 800 count)","B: current-snapshot, temporally ambiguous","checked against outputs/phase3_leakage_map.csv -- low/moderate risk, included with the caveat above",True,passes Phase 3 leakage ruling for the visibility target; not a contemporaneous or post-launch outcome
tag__Interactive Fiction,store_metadata_ambiguous,achievements/supported_languages/tags,"train-median imputation (achievements) or count; multi-hot (tags, train-vocab >= 800 count)","B: current-snapshot, temporally ambiguous","checked against outputs/phase3_leakage_map.csv -- low/moderate risk, included with the caveat above",True,passes Phase 3 leakage ruling for the visibility target; not a contemporaneous or post-launch outcome
tag__JRPG,store_metadata_ambiguous,achievements/supported_languages/tags,"train-median imputation (achievements) or count; multi-hot (tags, train-vocab >= 800 count)","B: current-snapshot, temporally ambiguous","checked against outputs/phase3_leakage_map.csv -- low/moderate risk, included with the caveat above",True,passes Phase 3 leakage ruling for the visibility target; not a contemporaneous or post-launch outcome
tag__Linear,store_metadata_ambiguous,achievements/supported_languages/tags,"train-median imputation (achievements) or count; multi-hot (tags, train-vocab >= 800 count)","B: current-snapshot, temporally ambiguous","checked against outputs/phase3_leakage_map.csv -- low/moderate risk, included with the caveat above",True,passes Phase 3 leakage ruling for the visibility target; not a contemporaneous or post-launch outcome
tag__Local Multiplayer,store_metadata_ambiguous,achievements/supported_languages/tags,"train-median imputation (achievements) or count; multi-hot (tags, train-vocab >= 800 count)","B: current-snapshot, temporally ambiguous","checked against outputs/phase3_leakage_map.csv -- low/moderate risk, included with the caveat above",True,passes Phase 3 leakage ruling for the visibility target; not a contemporaneous or post-launch outcome
tag__Logic,store_metadata_ambiguous,achievements/supported_languages/tags,"train-median imputation (achievements) or count; multi-hot (tags, train-vocab >= 800 count)","B: current-snapshot, temporally ambiguous","checked against outputs/phase3_leakage_map.csv -- low/moderate risk, included with the caveat above",True,passes Phase 3 leakage ruling for the visibility target; not a contemporaneous or post-launch outcome
tag__Magic,store_metadata_ambiguous,achievements/supported_languages/tags,"train-median imputation (achievements) or count; multi-hot (tags, train-vocab >= 800 count)","B: current-snapshot, temporally ambiguous","checked against outputs/phase3_leakage_map.csv -- low/moderate risk, included with the caveat above",True,passes Phase 3 leakage ruling for the visibility target; not a contemporaneous or post-launch outcome
tag__Management,store_metadata_ambiguous,achievements/supported_languages/tags,"train-median imputation (achievements) or count; multi-hot (tags, train-vocab >= 800 count)","B: current-snapshot, temporally ambiguous","checked against outputs/phase3_leakage_map.csv -- low/moderate risk, included with the caveat above",True,passes Phase 3 leakage ruling for the visibility target; not a contemporaneous or post-launch outcome
tag__Medieval,store_metadata_ambiguous,achievements/supported_languages/tags,"train-median imputation (achievements) or count; multi-hot (tags, train-vocab >= 800 count)","B: current-snapshot, temporally ambiguous","checked against outputs/phase3_leakage_map.csv -- low/moderate risk, included with the caveat above",True,passes Phase 3 leakage ruling for the visibility target; not a contemporaneous or post-launch outcome
tag__Minimalist,store_metadata_ambiguous,achievements/supported_languages/tags,"train-median imputation (achievements) or count; multi-hot (tags, train-vocab >= 800 count)","B: current-snapshot, temporally ambiguous","checked against outputs/phase3_leakage_map.csv -- low/moderate risk, included with the caveat above",True,passes Phase 3 leakage ruling for the visibility target; not a contemporaneous or post-launch outcome
tag__Multiplayer,store_metadata_ambiguous,achievements/supported_languages/tags,"train-median imputation (achievements) or count; multi-hot (tags, train-vocab >= 800 count)","B: current-snapshot, temporally ambiguous","checked against outputs/phase3_leakage_map.csv -- low/moderate risk, included with the caveat above",True,passes Phase 3 leakage ruling for the visibility target; not a contemporaneous or post-launch outcome
tag__Multiple Endings,store_metadata_ambiguous,achievements/supported_languages/tags,"train-median imputation (achievements) or count; multi-hot (tags, train-vocab >= 800 count)","B: current-snapshot, temporally ambiguous","checked against outputs/phase3_leakage_map.csv -- low/moderate risk, included with the caveat above",True,passes Phase 3 leakage ruling for the visibility target; not a contemporaneous or post-launch outcome
tag__Mystery,store_metadata_ambiguous,achievements/supported_languages/tags,"train-median imputation (achievements) or count; multi-hot (tags, train-vocab >= 800 count)","B: current-snapshot, temporally ambiguous","checked against outputs/phase3_leakage_map.csv -- low/moderate risk, included with the caveat above",True,passes Phase 3 leakage ruling for the visibility target; not a contemporaneous or post-launch outcome
tag__Nudity,store_metadata_ambiguous,achievements/supported_languages/tags,"train-median imputation (achievements) or count; multi-hot (tags, train-vocab >= 800 count)","B: current-snapshot, temporally ambiguous","checked against outputs/phase3_leakage_map.csv -- low/moderate risk, included with the caveat above",True,passes Phase 3 leakage ruling for the visibility target; not a contemporaneous or post-launch outcome
tag__Old School,store_metadata_ambiguous,achievements/supported_languages/tags,"train-median imputation (achievements) or count; multi-hot (tags, train-vocab >= 800 count)","B: current-snapshot, temporally ambiguous","checked against outputs/phase3_leakage_map.csv -- low/moderate risk, included with the caveat above",True,passes Phase 3 leakage ruling for the visibility target; not a contemporaneous or post-launch outcome
tag__Open World,store_metadata_ambiguous,achievements/supported_languages/tags,"train-median imputation (achievements) or count; multi-hot (tags, train-vocab >= 800 count)","B: current-snapshot, temporally ambiguous","checked against outputs/phase3_leakage_map.csv -- low/moderate risk, included with the caveat above",True,passes Phase 3 leakage ruling for the visibility target; not a contemporaneous or post-launch outcome
tag__Physics,store_metadata_ambiguous,achievements/supported_languages/tags,"train-median imputation (achievements) or count; multi-hot (tags, train-vocab >= 800 count)","B: current-snapshot, temporally ambiguous","checked against outputs/phase3_leakage_map.csv -- low/moderate risk, included with the caveat above",True,passes Phase 3 leakage ruling for the visibility target; not a contemporaneous or post-launch outcome
tag__Pixel Graphics,store_metadata_ambiguous,achievements/supported_languages/tags,"train-median imputation (achievements) or count; multi-hot (tags, train-vocab >= 800 count)","B: current-snapshot, temporally ambiguous","checked against outputs/phase3_leakage_map.csv -- low/moderate risk, included with the caveat above",True,passes Phase 3 leakage ruling for the visibility target; not a contemporaneous or post-launch outcome
tag__Platformer,store_metadata_ambiguous,achievements/supported_languages/tags,"train-median imputation (achievements) or count; multi-hot (tags, train-vocab >= 800 count)","B: current-snapshot, temporally ambiguous","checked against outputs/phase3_leakage_map.csv -- low/moderate risk, included with the caveat above",True,passes Phase 3 leakage ruling for the visibility target; not a contemporaneous or post-launch outcome
tag__Point & Click,store_metadata_ambiguous,achievements/supported_languages/tags,"train-median imputation (achievements) or count; multi-hot (tags, train-vocab >= 800 count)","B: current-snapshot, temporally ambiguous","checked against outputs/phase3_leakage_map.csv -- low/moderate risk, included with the caveat above",True,passes Phase 3 leakage ruling for the visibility target; not a contemporaneous or post-launch outcome
tag__Procedural Generation,store_metadata_ambiguous,achievements/supported_languages/tags,"train-median imputation (achievements) or count; multi-hot (tags, train-vocab >= 800 count)","B: current-snapshot, temporally ambiguous","checked against outputs/phase3_leakage_map.csv -- low/moderate risk, included with the caveat above",True,passes Phase 3 leakage ruling for the visibility target; not a contemporaneous or post-launch outcome
tag__Psychological Horror,store_metadata_ambiguous,achievements/supported_languages/tags,"train-median imputation (achievements) or count; multi-hot (tags, train-vocab >= 800 count)","B: current-snapshot, temporally ambiguous","checked against outputs/phase3_leakage_map.csv -- low/moderate risk, included with the caveat above",True,passes Phase 3 leakage ruling for the visibility target; not a contemporaneous or post-launch outcome
tag__Puzzle,store_metadata_ambiguous,achievements/supported_languages/tags,"train-median imputation (achievements) or count; multi-hot (tags, train-vocab >= 800 count)","B: current-snapshot, temporally ambiguous","checked against outputs/phase3_leakage_map.csv -- low/moderate risk, included with the caveat above",True,passes Phase 3 leakage ruling for the visibility target; not a contemporaneous or post-launch outcome
tag__Puzzle-Platformer,store_metadata_ambiguous,achievements/supported_languages/tags,"train-median imputation (achievements) or count; multi-hot (tags, train-vocab >= 800 count)","B: current-snapshot, temporally ambiguous","checked against outputs/phase3_leakage_map.csv -- low/moderate risk, included with the caveat above",True,passes Phase 3 leakage ruling for the visibility target; not a contemporaneous or post-launch outcome
tag__PvE,store_metadata_ambiguous,achievements/supported_languages/tags,"train-median imputation (achievements) or count; multi-hot (tags, train-vocab >= 800 count)","B: current-snapshot, temporally ambiguous","checked against outputs/phase3_leakage_map.csv -- low/moderate risk, included with the caveat above",True,passes Phase 3 leakage ruling for the visibility target; not a contemporaneous or post-launch outcome
tag__PvP,store_metadata_ambiguous,achievements/supported_languages/tags,"train-median imputation (achievements) or count; multi-hot (tags, train-vocab >= 800 count)","B: current-snapshot, temporally ambiguous","checked against outputs/phase3_leakage_map.csv -- low/moderate risk, included with the caveat above",True,passes Phase 3 leakage ruling for the visibility target; not a contemporaneous or post-launch outcome
tag__RPG,store_metadata_ambiguous,achievements/supported_languages/tags,"train-median imputation (achievements) or count; multi-hot (tags, train-vocab >= 800 count)","B: current-snapshot, temporally ambiguous","checked against outputs/phase3_leakage_map.csv -- low/moderate risk, included with the caveat above",True,passes Phase 3 leakage ruling for the visibility target; not a contemporaneous or post-launch outcome
tag__Racing,store_metadata_ambiguous,achievements/supported_languages/tags,"train-median imputation (achievements) or count; multi-hot (tags, train-vocab >= 800 count)","B: current-snapshot, temporally ambiguous","checked against outputs/phase3_leakage_map.csv -- low/moderate risk, included with the caveat above",True,passes Phase 3 leakage ruling for the visibility target; not a contemporaneous or post-launch outcome
tag__Realistic,store_metadata_ambiguous,achievements/supported_languages/tags,"train-median imputation (achievements) or count; multi-hot (tags, train-vocab >= 800 count)","B: current-snapshot, temporally ambiguous","checked against outputs/phase3_leakage_map.csv -- low/moderate risk, included with the caveat above",True,passes Phase 3 leakage ruling for the visibility target; not a contemporaneous or post-launch outcome
tag__Relaxing,store_metadata_ambiguous,achievements/supported_languages/tags,"train-median imputation (achievements) or count; multi-hot (tags, train-vocab >= 800 count)","B: current-snapshot, temporally ambiguous","checked against outputs/phase3_leakage_map.csv -- low/moderate risk, included with the caveat above",True,passes Phase 3 leakage ruling for the visibility target; not a contemporaneous or post-launch outcome
tag__Retro,store_metadata_ambiguous,achievements/supported_languages/tags,"train-median imputation (achievements) or count; multi-hot (tags, train-vocab >= 800 count)","B: current-snapshot, temporally ambiguous","checked against outputs/phase3_leakage_map.csv -- low/moderate risk, included with the caveat above",True,passes Phase 3 leakage ruling for the visibility target; not a contemporaneous or post-launch outcome
tag__Rogue-like,store_metadata_ambiguous,achievements/supported_languages/tags,"train-median imputation (achievements) or count; multi-hot (tags, train-vocab >= 800 count)","B: current-snapshot, temporally ambiguous","checked against outputs/phase3_leakage_map.csv -- low/moderate risk, included with the caveat above",True,passes Phase 3 leakage ruling for the visibility target; not a contemporaneous or post-launch outcome
tag__Rogue-lite,store_metadata_ambiguous,achievements/supported_languages/tags,"train-median imputation (achievements) or count; multi-hot (tags, train-vocab >= 800 count)","B: current-snapshot, temporally ambiguous","checked against outputs/phase3_leakage_map.csv -- low/moderate risk, included with the caveat above",True,passes Phase 3 leakage ruling for the visibility target; not a contemporaneous or post-launch outcome
tag__Sandbox,store_metadata_ambiguous,achievements/supported_languages/tags,"train-median imputation (achievements) or count; multi-hot (tags, train-vocab >= 800 count)","B: current-snapshot, temporally ambiguous","checked against outputs/phase3_leakage_map.csv -- low/moderate risk, included with the caveat above",True,passes Phase 3 leakage ruling for the visibility target; not a contemporaneous or post-launch outcome
tag__Sci-fi,store_metadata_ambiguous,achievements/supported_languages/tags,"train-median imputation (achievements) or count; multi-hot (tags, train-vocab >= 800 count)","B: current-snapshot, temporally ambiguous","checked against outputs/phase3_leakage_map.csv -- low/moderate risk, included with the caveat above",True,passes Phase 3 leakage ruling for the visibility target; not a contemporaneous or post-launch outcome
tag__Score Attack,store_metadata_ambiguous,achievements/supported_languages/tags,"train-median imputation (achievements) or count; multi-hot (tags, train-vocab >= 800 count)","B: current-snapshot, temporally ambiguous","checked against outputs/phase3_leakage_map.csv -- low/moderate risk, included with the caveat above",True,passes Phase 3 leakage ruling for the visibility target; not a contemporaneous or post-launch outcome
tag__Sexual Content,store_metadata_ambiguous,achievements/supported_languages/tags,"train-median imputation (achievements) or count; multi-hot (tags, train-vocab >= 800 count)","B: current-snapshot, temporally ambiguous","checked against outputs/phase3_leakage_map.csv -- low/moderate risk, included with the caveat above",True,passes Phase 3 leakage ruling for the visibility target; not a contemporaneous or post-launch outcome
tag__Shoot 'Em Up,store_metadata_ambiguous,achievements/supported_languages/tags,"train-median imputation (achievements) or count; multi-hot (tags, train-vocab >= 800 count)","B: current-snapshot, temporally ambiguous","checked against outputs/phase3_leakage_map.csv -- low/moderate risk, included with the caveat above",True,passes Phase 3 leakage ruling for the visibility target; not a contemporaneous or post-launch outcome
tag__Shooter,store_metadata_ambiguous,achievements/supported_languages/tags,"train-median imputation (achievements) or count; multi-hot (tags, train-vocab >= 800 count)","B: current-snapshot, temporally ambiguous","checked against outputs/phase3_leakage_map.csv -- low/moderate risk, included with the caveat above",True,passes Phase 3 leakage ruling for the visibility target; not a contemporaneous or post-launch outcome
tag__Side Scroller,store_metadata_ambiguous,achievements/supported_languages/tags,"train-median imputation (achievements) or count; multi-hot (tags, train-vocab >= 800 count)","B: current-snapshot, temporally ambiguous","checked against outputs/phase3_leakage_map.csv -- low/moderate risk, included with the caveat above",True,passes Phase 3 leakage ruling for the visibility target; not a contemporaneous or post-launch outcome
tag__Simulation,store_metadata_ambiguous,achievements/supported_languages/tags,"train-median imputation (achievements) or count; multi-hot (tags, train-vocab >= 800 count)","B: current-snapshot, temporally ambiguous","checked against outputs/phase3_leakage_map.csv -- low/moderate risk, included with the caveat above",True,passes Phase 3 leakage ruling for the visibility target; not a contemporaneous or post-launch outcome
tag__Singleplayer,store_metadata_ambiguous,achievements/supported_languages/tags,"train-median imputation (achievements) or count; multi-hot (tags, train-vocab >= 800 count)","B: current-snapshot, temporally ambiguous","checked against outputs/phase3_leakage_map.csv -- low/moderate risk, included with the caveat above",True,passes Phase 3 leakage ruling for the visibility target; not a contemporaneous or post-launch outcome
tag__Space,store_metadata_ambiguous,achievements/supported_languages/tags,"train-median imputation (achievements) or count; multi-hot (tags, train-vocab >= 800 count)","B: current-snapshot, temporally ambiguous","checked against outputs/phase3_leakage_map.csv -- low/moderate risk, included with the caveat above",True,passes Phase 3 leakage ruling for the visibility target; not a contemporaneous or post-launch outcome
tag__Sports,store_metadata_ambiguous,achievements/supported_languages/tags,"train-median imputation (achievements) or count; multi-hot (tags, train-vocab >= 800 count)","B: current-snapshot, temporally ambiguous","checked against outputs/phase3_leakage_map.csv -- low/moderate risk, included with the caveat above",True,passes Phase 3 leakage ruling for the visibility target; not a contemporaneous or post-launch outcome
tag__Story Rich,store_metadata_ambiguous,achievements/supported_languages/tags,"train-median imputation (achievements) or count; multi-hot (tags, train-vocab >= 800 count)","B: current-snapshot, temporally ambiguous","checked against outputs/phase3_leakage_map.csv -- low/moderate risk, included with the caveat above",True,passes Phase 3 leakage ruling for the visibility target; not a contemporaneous or post-launch outcome
tag__Strategy,store_metadata_ambiguous,achievements/supported_languages/tags,"train-median imputation (achievements) or count; multi-hot (tags, train-vocab >= 800 count)","B: current-snapshot, temporally ambiguous","checked against outputs/phase3_leakage_map.csv -- low/moderate risk, included with the caveat above",True,passes Phase 3 leakage ruling for the visibility target; not a contemporaneous or post-launch outcome
tag__Stylized,store_metadata_ambiguous,achievements/supported_languages/tags,"train-median imputation (achievements) or count; multi-hot (tags, train-vocab >= 800 count)","B: current-snapshot, temporally ambiguous","checked against outputs/phase3_leakage_map.csv -- low/moderate risk, included with the caveat above",True,passes Phase 3 leakage ruling for the visibility target; not a contemporaneous or post-launch outcome
tag__Survival,store_metadata_ambiguous,achievements/supported_languages/tags,"train-median imputation (achievements) or count; multi-hot (tags, train-vocab >= 800 count)","B: current-snapshot, temporally ambiguous","checked against outputs/phase3_leakage_map.csv -- low/moderate risk, included with the caveat above",True,passes Phase 3 leakage ruling for the visibility target; not a contemporaneous or post-launch outcome
tag__Survival Horror,store_metadata_ambiguous,achievements/supported_languages/tags,"train-median imputation (achievements) or count; multi-hot (tags, train-vocab >= 800 count)","B: current-snapshot, temporally ambiguous","checked against outputs/phase3_leakage_map.csv -- low/moderate risk, included with the caveat above",True,passes Phase 3 leakage ruling for the visibility target; not a contemporaneous or post-launch outcome
tag__Tactical,store_metadata_ambiguous,achievements/supported_languages/tags,"train-median imputation (achievements) or count; multi-hot (tags, train-vocab >= 800 count)","B: current-snapshot, temporally ambiguous","checked against outputs/phase3_leakage_map.csv -- low/moderate risk, included with the caveat above",True,passes Phase 3 leakage ruling for the visibility target; not a contemporaneous or post-launch outcome
tag__Third Person,store_metadata_ambiguous,achievements/supported_languages/tags,"train-median imputation (achievements) or count; multi-hot (tags, train-vocab >= 800 count)","B: current-snapshot, temporally ambiguous","checked against outputs/phase3_leakage_map.csv -- low/moderate risk, included with the caveat above",True,passes Phase 3 leakage ruling for the visibility target; not a contemporaneous or post-launch outcome
tag__Top-Down,store_metadata_ambiguous,achievements/supported_languages/tags,"train-median imputation (achievements) or count; multi-hot (tags, train-vocab >= 800 count)","B: current-snapshot, temporally ambiguous","checked against outputs/phase3_leakage_map.csv -- low/moderate risk, included with the caveat above",True,passes Phase 3 leakage ruling for the visibility target; not a contemporaneous or post-launch outcome
tag__Turn-Based Combat,store_metadata_ambiguous,achievements/supported_languages/tags,"train-median imputation (achievements) or count; multi-hot (tags, train-vocab >= 800 count)","B: current-snapshot, temporally ambiguous","checked against outputs/phase3_leakage_map.csv -- low/moderate risk, included with the caveat above",True,passes Phase 3 leakage ruling for the visibility target; not a contemporaneous or post-launch outcome
tag__Turn-Based Strategy,store_metadata_ambiguous,achievements/supported_languages/tags,"train-median imputation (achievements) or count; multi-hot (tags, train-vocab >= 800 count)","B: current-snapshot, temporally ambiguous","checked against outputs/phase3_leakage_map.csv -- low/moderate risk, included with the caveat above",True,passes Phase 3 leakage ruling for the visibility target; not a contemporaneous or post-launch outcome
tag__VR,store_metadata_ambiguous,achievements/supported_languages/tags,"train-median imputation (achievements) or count; multi-hot (tags, train-vocab >= 800 count)","B: current-snapshot, temporally ambiguous","checked against outputs/phase3_leakage_map.csv -- low/moderate risk, included with the caveat above",True,passes Phase 3 leakage ruling for the visibility target; not a contemporaneous or post-launch outcome
tag__Violent,store_metadata_ambiguous,achievements/supported_languages/tags,"train-median imputation (achievements) or count; multi-hot (tags, train-vocab >= 800 count)","B: current-snapshot, temporally ambiguous","checked against outputs/phase3_leakage_map.csv -- low/moderate risk, included with the caveat above",True,passes Phase 3 leakage ruling for the visibility target; not a contemporaneous or post-launch outcome
tag__Visual Novel,store_metadata_ambiguous,achievements/supported_languages/tags,"train-median imputation (achievements) or count; multi-hot (tags, train-vocab >= 800 count)","B: current-snapshot, temporally ambiguous","checked against outputs/phase3_leakage_map.csv -- low/moderate risk, included with the caveat above",True,passes Phase 3 leakage ruling for the visibility target; not a contemporaneous or post-launch outcome
category__Steam Trading Cards,genre_category,categories,multi-hot (would have been included by the train-count cutoff),"B: current-snapshot, temporally ambiguous (popularity-gated, not a build-time choice)","near-proxy for the target -- discovered in Phase 4, not flagged at the family level by Phase 3",False,"median outcome_total_reviews 356 (has Steam Trading Cards) vs 10 (does not) -- historically gated by game popularity/engagement, not solely a developer build-time decision like other categories"
