focal_app_id,focal_name,rank,peer_app_id,peer_name,similarity_score,peer_visibility_percentile,peer_release_year,shared_genres,shared_categories,focal_release_year,focal_visibility_percentile,focal_peer_visibility_median_k20,focal_peer_visibility_gap_k20,focal_mean_peer_similarity_k20,focal_peer_quality_tier
1434950,HighFleet,1,2517130,Invention 4,0.6517,0.6936,2023,Action;Adventure;Indie,Family Sharing;Single-player,2021,0.9842,0.3178,0.6664,0.6237,moderate_peer_match
1434950,HighFleet,2,1450200,Space Squadron,0.6441,0.1563,2020,Action;Indie;Strategy,Family Sharing;Single-player,2021,0.9842,0.3178,0.6664,0.6237,moderate_peer_match
1434950,HighFleet,3,845650,Meteor Shower,0.635,0.4628,2018,Action;Adventure;Indie;Strategy,Family Sharing;Single-player,2021,0.9842,0.3178,0.6664,0.6237,moderate_peer_match
1434950,HighFleet,4,1716470,Survival Night,0.6342,0.2521,2021,Action;Adventure;Indie,Family Sharing;Single-player,2021,0.9842,0.3178,0.6664,0.6237,moderate_peer_match
1434950,HighFleet,5,722340,Captain vs Sky Pirates,0.6337,0.1212,2017,Action;Adventure;Indie;Strategy,Family Sharing;Single-player,2021,0.9842,0.3178,0.6664,0.6237,moderate_peer_match
980300,One Finger Death Punch 2,1,793600,Bully Beatdown,0.6354,0.6759,2018,Action;Indie,Family Sharing;Single-player;Steam Achievements;Steam Leaderboards,2019,0.9692,0.3085,0.6607,0.5916,moderate_peer_match
980300,One Finger Death Punch 2,2,605490,One Hit KO,0.6215,0.2195,2017,Action;Casual;Indie,Family Sharing;Single-player;Steam Achievements;Steam Cloud,2019,0.9692,0.3085,0.6607,0.5916,moderate_peer_match
980300,One Finger Death Punch 2,3,1121100,Color Slayer,0.616,0.2944,2019,Action;Casual;Indie,Family Sharing;Partial Controller Support;Single-player;Steam Achievements;Steam Cloud;Steam Leaderboards,2019,0.9692,0.3085,0.6607,0.5916,moderate_peer_match
980300,One Finger Death Punch 2,4,2215780,抵御者 Defender,0.6057,0.5303,2022,Action;Indie,Family Sharing;Partial Controller Support;Single-player;Steam Achievements,2019,0.9692,0.3085,0.6607,0.5916,moderate_peer_match
980300,One Finger Death Punch 2,5,1218680,Beatdown Brawler,0.602,0.5936,2020,Action;Indie,Family Sharing;Single-player;Steam Achievements;Steam Cloud,2019,0.9692,0.3085,0.6607,0.5916,moderate_peer_match
771560,FFXV WINDOWS EDITION 4K Resolution Pack,1,637650,FINAL FANTASY XV WINDOWS EDITION,0.7539,0.995,2018,RPG,Co-op;Family Sharing;Full controller support;Multi-player;Online Co-op;Online PvP;PvP;Single-player;Steam Achievements;Steam Cloud;Steam Trading Cards,2018,0.1188,0.9669,-0.8481,0.5815,moderate_peer_match
771560,FFXV WINDOWS EDITION 4K Resolution Pack,2,1173810,FINAL FANTASY V,0.6396,0.9631,2021,RPG,Family Sharing;Single-player;Steam Achievements;Steam Cloud;Steam Trading Cards,2018,0.1188,0.9669,-0.8481,0.5815,moderate_peer_match
771560,FFXV WINDOWS EDITION 4K Resolution Pack,3,1173820,FINAL FANTASY VI,0.628,0.9809,2022,RPG,Family Sharing;Single-player;Steam Achievements;Steam Cloud;Steam Trading Cards,2018,0.1188,0.9669,-0.8481,0.5815,moderate_peer_match
771560,FFXV WINDOWS EDITION 4K Resolution Pack,4,1173800,FINAL FANTASY IV,0.6109,0.9678,2021,RPG,Family Sharing;Single-player;Steam Achievements;Steam Cloud;Steam Trading Cards,2018,0.1188,0.9669,-0.8481,0.5815,moderate_peer_match
771560,FFXV WINDOWS EDITION 4K Resolution Pack,5,1173770,FINAL FANTASY,0.5983,0.9846,2021,RPG,Family Sharing;Single-player;Steam Achievements;Steam Cloud;Steam Trading Cards,2018,0.1188,0.9669,-0.8481,0.5815,moderate_peer_match
520940,MX vs ATV All Out,1,1205970,MX vs ATV Legends,0.7847,0.9767,2022,Racing;Sports,Family Sharing;Full controller support;Multi-player;Online PvP;PvP;Remote Play Together;Shared/Split Screen;Shared/Split Screen PvP;Single-player;Steam Achievements;Steam Leaderboards,2018,0.9438,0.9357,0.008,0.6523,strong_peer_match
520940,MX vs ATV All Out,2,1018160,MXGP 2019 - The Official Motocross Videogame,0.7374,0.9269,2019,Racing;Simulation;Sports,Family Sharing;Full controller support;Multi-player;Online PvP;PvP;Single-player;Steam Achievements,2018,0.9438,0.9357,0.008,0.6523,strong_peer_match
520940,MX vs ATV All Out,3,1610470,MXGP 2021 - The Official Motocross Videogame,0.7177,0.9459,2021,Racing;Simulation;Sports,Family Sharing;Full controller support;Multi-player;Online PvP;PvP;Single-player;Steam Achievements,2018,0.9438,0.9357,0.008,0.6523,strong_peer_match
520940,MX vs ATV All Out,4,561600,MXGP3 - The Official Motocross Videogame,0.6833,0.9206,2017,Racing;Simulation;Sports,Family Sharing;Full controller support;Multi-player;Online PvP;PvP;Single-player;Steam Achievements;Steam Leaderboards,2018,0.9438,0.9357,0.008,0.6523,strong_peer_match
520940,MX vs ATV All Out,5,1089830,Monster Energy Supercross - The Official Videogame 3,0.6708,0.9364,2020,Racing;Simulation;Sports,Family Sharing;Full controller support;Multi-player;Online PvP;PvP;Single-player;Steam Achievements,2018,0.9438,0.9357,0.008,0.6523,strong_peer_match
240720,Getting Over It with Bennett Foddy,1,696910,The Legend of the Dragonflame High School,0.5302,0.1854,2017,Action,Family Sharing;Partial Controller Support;Single-player,2017,0.9951,0.4085,0.5866,0.5033,weak_peer_match
240720,Getting Over It with Bennett Foddy,2,864190,"3, 2, 1, SURVIVE !",0.5186,0.1771,2018,Action,Family Sharing;Single-player,2017,0.9951,0.4085,0.5866,0.5033,weak_peer_match
240720,Getting Over It with Bennett Foddy,3,1800600,Punch It Deluxe,0.5141,0.364,2021,Action,Family Sharing;Single-player,2017,0.9951,0.4085,0.5866,0.5033,weak_peer_match
240720,Getting Over It with Bennett Foddy,4,1866840,Mysterious Adventure of Michael 2,0.5121,0.4,2022,Action,Family Sharing;Partial Controller Support;Single-player,2017,0.9951,0.4085,0.5866,0.5033,weak_peer_match
240720,Getting Over It with Bennett Foddy,5,1231720,Freedom Isn't Free 资本之乱,0.5094,0.1128,2020,Action,Family Sharing;Single-player,2017,0.9951,0.4085,0.5866,0.5033,weak_peer_match
